img,mode,psnr,ssim,lpips,enl,epi
NH49E001013.tif_0_12.png,DDPM,16.788318348736283,0.2205618364663528,0.3025988042354584,1.6269419909725031,0.49127150559362703
NH49E001013.tif_0_13.png,DDPM,16.719167552833976,0.226563507030491,0.2948385179042816,1.5460771132764228,0.4884779592135569
NH49E001013.tif_0_14.png,DDPM,16.770335077793384,0.22643485612345465,0.2880581021308899,1.5308208792945446,0.4759537417035141
NH49E001013.tif_0_6.png,DDPM,18.528781101181192,0.3600029548495735,0.26431888341903687,0.9562896511188844,0.4261570631584552
NH49E001013.tif_10_15.png,DDPM,15.553588713002636,0.24376326988972666,0.30787259340286255,1.5432869267268057,0.5151492182123445
NH49E001013.tif_10_2.png,DDPM,14.927154015607636,0.24365914555614232,0.3031452000141144,1.588736417753652,0.5052311909781348
