exp_name,ckpt_name,gt_path,mode,dataset,ddpm_steps,ddim_steps,eta,psnr,ssim,lpips,fid,enl,epi
Ori_none_2,last.ckpt,WHU_512_small,DDPM,WaveletSRDataset,200,,,15.816352446907704,0.2807967054434306,0.3075926198611657,98.1825686257776,1.8343079578857548,0.4107410602917348
W_KL_SO_2,last.ckpt,WHU_512_small,DDPM,WaveletSRDataset,200,,,16.18374772289592,0.29352985472382953,0.32183129684627054,97.57320577931523,2.907562446695397,0.4114463204297106
