exp_name,ckpt_name,dataset,gt_path,mode,ddim_steps,eta,ddpm_steps,psnr,psnr_max,psnr_min,psnr_ci_lower,psnr_ci_upper,ssim,ssim_max,ssim_min,ssim_ci_lower,ssim_ci_upper,enl,epi,fid,lpips,data_path
W_KLP_SODG,last.ckpt,WaveletSRDGDataset,WHU_512_small,DDPM,,,200,15.143514374531371,25.52625279118388,3.444799536098771,15.083327418457289,15.202961221080578,0.1697156853743244,0.6166859801156751,0.0100556198053214,0.16771490985247905,0.17169389858661932,3.8481151748780817,0.5115043777739617,121.35119476948017,0.28479732273767394,logs/2025-07-18T15-40-30_W_KLP_SODG/metrics_last_ddpm_steps200.npz
