ckpt_name,dataset,ddim_steps,ddpm_steps,enl,epi,eta,exp_name,fid,gt_path,lpips,mode,psnr,psnr_max,psnr_min,ssim,ssim_max,ssim_min
last.ckpt,WaveletSRDataset,,200,1.8343079578857548,0.4107410602917348,,Ori_none_2,98.1825686257776,WHU_512_small,0.3075926198611657,DDPM,15.816352446907704,,,0.2807967054434306,,
last.ckpt,WaveletSRDataset,,200,2.907562446695397,0.4114463204297106,,W_KL_SO_2,97.57320577931524,WHU_512_small,0.3218312968462705,DDPM,16.18374772289592,,,0.2935298547238295,,
last.ckpt,WaveletSRDataset,,200,1.782648869570292,0.4121860266507354,,W_KL_CS_2,98.47969921815638,WHU_512_small,0.306255652676026,DDPM,15.782554408599708,25.737364920357606,10.201179869292014,0.2798260649140974,0.6085391508409557,0.0379818535905787
last.ckpt,WaveletSRDGDataset,,200,2.674458720930542,0.5968330748001859,,W_KL_CS_2,37.35363109023933,WHU_512_small,0.15712360743929943,DDPM,18.160259409247967,26.553719530165285,11.61432423865757,0.4399145297938045,0.6251698322056269,0.0373997573175648
