exp_name,ckpt_name,dataset,gt_path,mode,ddim_steps,eta,ddpm_steps,psnr,psnr_max,psnr_min,psnr_ci_lower,psnr_ci_upper,ssim,ssim_max,ssim_min,ssim_ci_lower,ssim_ci_upper,enl,epi,fid,lpips,data_path
W_KLP_SO_256,epoch=000054.ckpt,WaveletSRDataset,/home/flyingbucket/DataStore/DDHRNet_DATA/shandong/GF3_test,DDPM,,,200,21.676079926777213,33.23563584694717,10.633261008839145,21.560807547244092,21.791492983650468,0.7100657017943549,0.8605381593602002,0.13761013401208447,0.7066911115782395,0.7132907058672648,3.5358340802410555,0.4840508689274838,53.682075680154526,0.2465068751406091,logs/2025-08-15T22-56-24_W_KLP_SO_256/metrics_epoch=000054_ddpm_steps200.npz
