exp_name,ckpt_name,dataset,gt_path,mode,ddim_steps,eta,ddpm_steps,psnr,psnr_max,psnr_min,psnr_ci_lower,psnr_ci_upper,ssim,ssim_max,ssim_min,ssim_ci_lower,ssim_ci_upper,enl,epi,fid,lpips,data_path
W_KLP_SO_256,epoch=000000.ckpt,WaveletSRDataset,/home/flyingbucket/DataStore/selected_datasets/korea,DDPM,,,200,25.816921272269155,29.79877905116706,21.49221314884865,25.166063647071617,26.46538409169138,0.76147354423469,0.8350261892087162,0.6032226071615443,0.7462020364403341,0.7757439010049447,1.7101086432071748,0.48428125204778766,125.80772854844707,0.2310894333890506,/home/flyingbucket/stablesr/logs/2025-08-15T22-56-24_W_KLP_SO_256/metrics_epoch=000000_ddpm_steps200.npz
