exp_name,ckpt_name,dataset,gt_path,mode,ddim_steps,eta,ddpm_steps,psnr,psnr_max,psnr_min,psnr_ci_lower,psnr_ci_upper,ssim,ssim_max,ssim_min,ssim_ci_lower,ssim_ci_upper,enl,epi,fid,lpips,data_path
W_KL_z16emb16_SO,last.ckpt,WaveletSRDataset,WHU_512_small,DDPM,,,200,16.24555461817925,32.9116192352662,10.696061287665952,16.17662810623862,16.31433522303213,0.3146706270084919,0.7565494652423905,0.16675678810238684,0.31211533666349534,0.3172485069605552,1.5081912632010657,0.26149417266516917,107.52476494104599,0.4153614733318488,logs/2025-07-24T18-46-23_W_KL_z16emb16_SO/metrics_last_ddpm_steps200.npz
