img,mode,psnr,ssim,lpips,enl,epi
ICEYE_QUICKLOOK_SLEA_4110663_20240605T075214_2560_1024.png,DDPM,19.740408751801418,0.381878995896599,0.4308835566043854,2.0349856697257636,0.9293353420579016
ICEYE_QUICKLOOK_SLEDP_4228243_20240904T003534_b0037_y1152_x2688_large.png,DDPM,19.401552121630957,0.6404875905798617,0.2403791844844818,0.3705864354901224,0.47835422326978533
ICEYE_X20_QUICKLOOK_SLEDF_4049621_20240429T222841_2048_2048.png,DDPM,19.742618001393538,0.6063244760699779,0.30894824862480164,0.6378364397642354,0.5717975301306055
NH49E001013.tif_6_14.png,DDPM,16.904443062335048,0.3622840824279402,0.33026689291000366,0.7569753420422557,0.4458436814449462
NH49E005019.tif_4_7.png,DDPM,15.534585649905639,0.23130596472884293,0.351062536239624,1.6206903713159566,0.3679105774134413
NH49E005024.tif_2_18.png,DDPM,15.074738670157863,0.23077376386949022,0.31899547576904297,2.0482923378206515,0.33201240954025846
