img,mode,psnr,ssim,lpips,enl,epi
ICEYE_QUICKLOOK_SLEA_4110663_20240605T075214_2560_1024.png,DDPM,20.53067983953635,0.41671177123431713,0.46901649236679077,2.036428305106051,0.7619113495496671
ICEYE_QUICKLOOK_SLEDP_4228243_20240904T003534_b0037_y1152_x2688_large.png,DDPM,19.782470700465367,0.6422289678594368,0.30954650044441223,0.6744052288527159,0.4618020256592737
ICEYE_X20_QUICKLOOK_SLEDF_4049621_20240429T222841_2048_2048.png,DDPM,20.11707527324379,0.5968560670384845,0.3802267909049988,0.6681858422910666,0.5313704351639745
NH49E001013.tif_6_14.png,DDPM,17.61245443973505,0.3784583251080201,0.3653808534145355,0.7939458411605984,0.37994090182624657
NH49E005019.tif_4_7.png,DDPM,15.261902796017509,0.2090144606057095,0.4302307367324829,1.4231887661068292,0.2640704080931426
NH49E005024.tif_2_18.png,DDPM,15.079414301033092,0.23481015892162788,0.4048353433609009,1.9081185750841452,0.2611080865566945
